,CityName,Latitude,Longitude,MaxTemp,Humidity,Cloudiness,WindSpeed,Country,Date
0,Jega,12.22,4.38,72.09,88,100,10.02,NG,1596833027
1,Ancud,-41.87,-73.82,51.01,100,75,11.41,CL,1596833048
2,Rivadavia,-33.19,-68.46,59.0,24,96,5.82,AR,1596833048
3,Bengkulu,-3.8,102.27,76.03,91,85,3.29,ID,1596833049
4,Rikitea,-23.12,-134.97,69.71,72,76,18.45,PF,1596833050
5,Tuktoyaktuk,69.45,-133.04,60.8,77,75,16.11,CA,1596833050
6,Warrnambool,-38.38,142.48,52.0,80,98,7.0,AU,1596833051
7,Jumla,29.27,82.18,62.08,70,31,1.07,NP,1596833051
8,New Norfolk,-42.78,147.06,41.0,83,74,1.5,AU,1596833052
9,Coyhaique,-45.58,-72.07,42.8,85,85,3.36,CL,1596833051
10,Bredasdorp,-34.53,20.04,46.4,87,0,1.12,ZA,1596833053
11,Great Bend,38.36,-98.76,95.0,55,1,14.99,US,1596833049
12,Castro,-24.79,-50.01,59.72,66,0,3.02,BR,1596833055
13,Dikson,73.51,80.55,46.06,100,100,12.12,RU,1596833055
14,Mar del Plata,-38.0,-57.56,50.0,81,2,8.05,AR,1596832998
15,Lavrentiya,65.58,-171.0,44.51,66,100,3.4,RU,1596833056
16,Sydney,-33.87,151.21,53.6,100,75,6.93,AU,1596832884
17,Fortuna,40.6,-124.16,70.0,45,2,8.01,US,1596833058
18,São Miguel do Araguaia,-13.28,-50.16,82.09,31,0,3.13,BR,1596833058
19,Atuona,-9.8,-139.03,78.8,74,44,22.97,PF,1596833059
20,Iqaluit,63.75,-68.51,48.2,87,20,6.93,CA,1596833059
21,Krasnoarmeysk,51.02,45.7,73.0,58,35,8.99,RU,1596833060
22,Vao,-22.67,167.48,69.3,67,64,8.14,NC,1596833061
23,Balaipungut,1.05,101.28,76.39,92,82,0.6,ID,1596833061
24,Saint-Philippe,-21.36,55.77,66.0,77,90,4.7,RE,1596833062
25,Nānākuli,21.39,-158.15,86.0,62,75,8.05,US,1596833064
26,Puerto del Rosario,28.5,-13.86,75.2,69,20,17.22,ES,1596833064
27,Ponta do Sol,32.67,-17.1,73.4,73,20,2.24,PT,1596833065
28,Padang,-0.95,100.35,78.24,64,86,2.98,ID,1596833066
29,Seoul,37.57,126.98,73.4,94,90,4.09,KR,1596833052
30,Doctor Juan León Mallorquín,-25.4,-55.27,84.2,30,35,8.05,PY,1596833067
31,Upernavik,72.79,-56.15,41.63,68,84,9.8,GL,1596833068
32,Norman Wells,65.28,-126.83,60.8,87,90,3.36,CA,1596833068
33,Cherskiy,68.75,161.3,47.1,87,100,14.05,RU,1596833069
34,Araguaína,-7.19,-48.21,86.77,29,0,4.03,BR,1596832984
35,Hobart,-42.88,147.33,42.8,93,75,3.36,AU,1596833054
36,Faya,18.39,42.45,68.0,88,40,6.93,SA,1596833071
37,Hobyo,5.35,48.53,76.6,76,3,27.83,SO,1596833071
38,Kapaa,22.08,-159.32,84.99,78,75,12.75,US,1596833072
39,Punta Arenas,-53.15,-70.92,44.6,78,40,13.87,CL,1596833072
40,Lebu,-37.62,-73.65,50.65,80,100,12.71,CL,1596833073
41,Bluff,-46.6,168.33,39.99,91,94,1.01,NZ,1596833074
42,Coquimbo,-29.95,-71.34,57.2,76,58,11.41,CL,1596833074
43,Vaini,-21.2,-175.2,66.2,88,40,1.68,TO,1596833075
44,Nikolskoye,59.7,30.79,62.01,93,0,6.71,RU,1596833075
45,Butaritari,3.07,172.79,83.79,73,16,17.92,KI,1596833076
46,Cape Town,-33.93,18.42,55.99,76,31,12.75,ZA,1596833004
47,Aksaray,38.37,34.03,77.0,25,0,9.17,TR,1596833077
48,Chokurdakh,70.63,147.92,48.9,92,93,9.82,RU,1596833078
49,Khatanga,71.97,102.5,56.62,88,83,14.5,RU,1596833078
50,Quatre Cocos,-20.21,57.76,68.0,77,40,3.36,MU,1596833079
51,Kysyl-Syr,63.9,122.76,60.87,56,67,0.87,RU,1596833080
52,Galle,6.04,80.22,78.87,86,100,10.31,LK,1596833080
53,East London,-33.02,27.91,58.1,76,4,15.59,ZA,1596833081
54,Laguna,38.42,-121.42,89.01,35,5,4.7,US,1596833082
55,Busselton,-33.65,115.33,50.0,54,61,18.66,AU,1596833082
56,Saldanha,-33.01,17.94,48.2,70,33,8.05,ZA,1596833083
57,Zhezkazgan,47.8,67.71,71.15,63,65,8.05,KZ,1596833084
58,Port Alfred,-33.59,26.89,56.75,81,0,16.51,ZA,1596833084
59,Derzhavīnsk,51.1,66.32,68.65,74,100,9.44,KZ,1596832867
60,Albany,42.6,-73.97,75.99,77,88,3.09,US,1596833086
61,Pleasanton,37.66,-121.87,87.01,30,1,3.36,US,1596832824
62,Hermanus,-34.42,19.23,43.0,88,0,1.99,ZA,1596833087
63,Tasiilaq,65.61,-37.64,42.8,87,18,16.11,GL,1596833087
64,Minusinsk,53.71,91.69,53.6,93,75,2.24,RU,1596833088
65,Yenagoa,4.92,6.26,73.87,84,99,4.59,NG,1596833089
66,Port Montt,-41.47,-72.94,51.8,76,100,6.93,CL,1596833089
67,Maragogi,-9.01,-35.22,73.47,83,19,12.88,BR,1596833090
68,George Town,5.41,100.34,82.4,88,20,2.24,MY,1596833090
69,Lompoc,34.64,-120.46,68.0,64,1,18.34,US,1596833091
70,Jamestown,42.1,-79.24,75.99,60,1,11.41,US,1596833028
71,Chapais,49.78,-74.85,64.4,82,90,7.92,CA,1596833092
72,Yerbogachën,61.28,108.01,57.25,64,29,4.72,RU,1596833093
73,Port Keats,-14.25,129.55,66.02,36,1,10.38,AU,1596833093
74,Port Elizabeth,-33.92,25.57,57.2,82,0,12.75,ZA,1596833094
75,Magadan,59.57,150.8,57.65,81,3,5.35,RU,1596833095
76,Mataura,-46.19,168.86,39.99,91,94,1.01,NZ,1596833095
77,Kahului,20.89,-156.47,87.8,55,20,21.92,US,1596833096
78,Japura,-0.32,102.35,76.03,96,70,2.08,ID,1596833096
79,Fasa,28.94,53.65,84.2,32,20,4.7,IR,1596833097
80,Abu Samrah,35.3,37.18,73.58,64,0,8.72,SY,1596833098
81,Marsh Harbour,26.54,-77.06,84.92,69,13,8.01,BS,1596833098
82,Esim,4.87,-2.24,74.21,82,98,8.14,GH,1596833099
83,Hasaki,35.73,140.83,75.2,100,75,4.7,JP,1596833099
84,Sørland,67.67,12.69,57.2,87,100,1.12,NO,1596833100
85,Goderich,43.75,-81.72,75.99,83,5,1.99,CA,1596832887
86,Saint George,37.1,-113.58,98.01,9,1,5.82,US,1596832918
87,Belvedere Marittimo,39.62,15.86,70.0,86,5,5.53,IT,1596833102
88,Alekseyevsk,57.84,108.35,56.5,86,83,3.44,RU,1596833102
89,Horki,54.29,30.98,61.83,89,7,3.15,BY,1596833103
90,Aklavik,68.22,-135.01,64.4,72,75,5.82,CA,1596833104
91,San Cristobal,7.77,-72.22,89.6,43,40,23.04,VE,1596833090
92,Ushuaia,-54.8,-68.3,37.4,86,40,23.04,AR,1596833055
93,Fort Morgan,40.25,-103.8,98.6,6,1,16.11,US,1596832958
94,Muros,42.78,-9.06,70.0,74,3,8.99,ES,1596833106
95,Petropavlovsk-Kamchatskiy,53.05,158.65,51.8,100,90,4.47,RU,1596833107
96,Charters Towers,-20.1,146.27,64.29,35,61,13.2,AU,1596833107
97,Nuuk,64.18,-51.72,46.4,93,75,21.92,GL,1596833108
98,Avera,33.19,-82.53,91.4,55,75,6.93,US,1596833108
99,Linkou,45.3,130.28,55.49,93,95,3.74,CN,1596833109
100,Medeiros Neto,-17.37,-40.22,67.62,84,34,7.36,BR,1596833110
101,Cookeville,36.16,-85.5,84.2,54,40,8.05,US,1596833110
102,Sacramento,38.47,-121.32,89.01,35,5,4.7,US,1596832844
103,Narsaq,60.92,-46.05,44.6,93,100,4.7,GL,1596833111
104,Clyde River,70.47,-68.59,39.2,93,90,23.04,CA,1596833112
105,Moa,20.66,-74.94,85.64,67,0,11.52,CU,1596833113
106,Lüderitz,-26.65,15.16,64.4,18,0,4.7,NA,1596833113
107,Hay River,60.82,-115.8,64.4,88,75,3.36,CA,1596833114
108,Makhachkala,42.98,47.5,86.0,28,0,15.66,RU,1596833115
109,Bambous Virieux,-20.34,57.76,68.0,77,40,3.36,MU,1596833115
110,Eniwa,42.88,141.54,66.0,93,75,4.7,JP,1596833116
111,Paita,-5.09,-81.11,66.74,70,6,16.46,PE,1596833116
112,Ulladulla,-35.35,150.47,53.6,100,90,9.17,AU,1596833117
113,Culebra,18.3,-65.3,87.8,70,90,8.05,PR,1596833118
114,Tevriz,57.51,72.4,60.3,75,0,3.62,RU,1596833118
115,Makakilo City,21.35,-158.09,86.0,62,75,8.05,US,1596833119
116,Booué,-0.09,11.94,81.21,55,100,3.31,GA,1596833119
117,Port Lincoln,-34.73,135.87,51.58,80,99,9.55,AU,1596833120
118,Newport,51.59,-3.0,72.0,72,100,5.41,GB,1596833121
119,Malanje,-9.54,16.34,65.48,35,0,5.61,AO,1596833121
120,Grindavik,63.84,-22.43,46.4,93,90,20.8,IS,1596833122
121,Lookan,5.04,120.1,82.96,81,100,12.64,PH,1596833122
122,Pangody,65.85,74.49,63.07,66,100,5.7,RU,1596833123
123,Avarua,-21.21,-159.78,75.2,88,91,3.36,CK,1596833124
124,Okha,53.57,142.95,53.64,85,0,5.82,RU,1596833124
125,Macamic,48.75,-79.0,80.6,42,20,13.87,CA,1596833125
126,Lircay,-12.99,-74.72,58.3,31,0,8.25,PE,1596833125
127,Ilulissat,69.22,-51.1,42.8,70,75,8.05,GL,1596833126
128,Caravelas,-17.71,-39.25,71.42,75,1,7.74,BR,1596833127
129,West Odessa,31.84,-102.5,100.0,23,1,16.11,US,1596833127
130,Codrington,-38.27,141.97,48.52,88,96,12.82,AU,1596833128
131,Ambanja,-13.68,48.45,67.82,85,0,2.93,MG,1596833129
132,Scarborough,54.28,-0.4,73.0,75,100,5.32,GB,1596833130
133,Sayyan,15.17,44.32,63.46,64,100,3.31,YE,1596833130
134,Shumskiy,54.83,99.13,58.26,93,100,5.79,RU,1596833131
135,Airai,-8.93,125.41,54.97,100,100,1.9,TL,1596833132
136,Thompson,55.74,-97.86,87.8,33,40,4.7,CA,1596832899
137,Mango,27.98,-82.31,91.99,78,90,9.46,US,1596833133
138,Aitape,-3.14,142.35,77.09,79,100,4.65,PG,1596833133
139,Duluth,46.78,-92.11,80.6,61,75,14.99,US,1596833134
140,Porto Torres,40.84,8.4,77.0,73,0,5.82,IT,1596833135
141,Río Gallegos,-51.62,-69.22,42.8,81,14,11.41,AR,1596833000
142,Tateyama,34.98,139.87,81.0,86,2,16.2,JP,1596833136
143,Pak Phanang,8.35,100.2,79.45,83,95,4.54,TH,1596833137
144,Mahébourg,-20.41,57.7,68.0,77,40,3.36,MU,1596833138
145,Carnarvon,-24.87,113.63,64.4,59,13,8.05,AU,1596833131
146,Puerto Ayora,-0.74,-90.35,75.2,69,96,16.11,EC,1596833139
147,Margate,51.38,1.39,78.01,43,5,1.99,GB,1596833139
148,Wetaskiwin,52.97,-113.37,51.8,87,90,9.17,CA,1596833012
149,Katsuura,35.13,140.3,80.01,88,75,8.05,JP,1596833141
150,Moba,33.23,105.02,60.64,78,0,3.87,CN,1596833141
151,Mount Hagen,-5.86,144.23,56.35,84,100,1.14,PG,1596833142
152,Arraial do Cabo,-22.97,-42.03,73.4,69,0,14.99,BR,1596833142
153,Marawi,8.0,124.29,73.0,95,96,4.0,PH,1596833143
154,Tuatapere,-46.13,167.68,39.99,91,95,1.01,NZ,1596833144
155,Linhares,-19.39,-40.07,68.25,74,1,4.47,BR,1596833145
156,College,64.86,-147.8,64.99,48,75,4.7,US,1596833145
157,Baykit,61.67,96.37,60.22,63,9,3.0,RU,1596833146
158,Tūkrah,32.53,20.58,77.27,76,0,10.58,LY,1596833147
159,Kalmunai,7.42,81.82,81.66,69,100,5.41,LK,1596833147
160,Terrace Bay,48.78,-87.1,68.0,72,5,5.82,CA,1596832983
161,Saint Anthony,45.02,-93.22,82.4,61,1,21.92,US,1596833148
162,Corrente,-3.74,-43.34,79.68,47,2,0.63,BR,1596833149
163,Nome,64.5,-165.41,57.0,82,75,5.82,US,1596833150
164,Lata,40.16,-8.33,73.99,70,0,3.18,PT,1596833150
165,Urmia,37.55,45.08,62.6,59,0,11.41,IR,1596833151
166,Banda Aceh,5.56,95.32,81.52,71,97,11.56,ID,1596833151
167,Marabu,4.41,114.01,75.2,88,20,3.78,MY,1596833152
168,Aseri,59.45,26.87,61.88,89,42,4.41,EE,1596833153
169,Bethel,41.37,-73.41,79.0,57,75,9.17,US,1596833153
170,Yakeshi,49.28,120.73,60.73,93,100,5.97,CN,1596833154
171,Zamora,-4.07,-78.96,68.0,69,92,3.78,EC,1596833155
172,Puri,19.8,85.85,78.8,100,75,9.13,IN,1596833155
173,Pailón,-17.65,-62.75,87.8,45,20,10.29,BO,1596833156
174,Xique-Xique,-10.82,-42.73,80.69,45,25,12.39,BR,1596833157
175,Sambava,-14.27,50.17,67.5,86,12,7.74,MG,1596833157
176,Nanortalik,60.14,-45.24,46.02,82,100,3.4,GL,1596833158
177,City of San Pedro,14.35,121.02,78.01,94,98,1.59,PH,1596833159
178,Kloulklubed,7.04,134.26,78.8,88,75,9.17,PW,1596833159
179,Houston,29.76,-95.36,96.01,46,40,6.93,US,1596832456
180,Miracema do Tocantins,-9.56,-48.4,85.3,29,0,4.72,BR,1596833160
181,Ambon City,-3.7,128.18,77.0,94,75,4.7,ID,1596833161
182,Ribeira Grande,38.52,-28.7,73.4,69,75,6.93,PT,1596833151
183,Baft,29.23,56.61,71.22,23,76,2.98,IR,1596833162
184,Henties Bay,-22.12,14.28,57.99,90,0,1.99,NA,1596833163
185,Atar,20.52,-13.05,98.11,13,0,13.33,MR,1596833164
186,Tiksi,71.69,128.87,49.01,89,74,3.94,RU,1596833164
187,Kurumkan,54.3,110.3,59.14,85,100,1.36,RU,1596833165
188,São Caetano de Odivelas,-0.75,-48.02,79.86,84,83,7.9,BR,1596833165
189,Esperance,-33.87,121.9,41.0,100,14,5.82,AU,1596833166
190,Yellowknife,62.46,-114.35,70.0,64,75,10.29,CA,1596833167
191,Tornio,65.85,24.15,57.2,100,20,4.7,FI,1596833167
192,Caceres,39.52,-6.37,90.0,33,0,1.99,ES,1596833168
193,San Miguel,13.48,-88.18,95.0,70,20,1.7,SV,1596833168
194,Hithadhoo,-0.6,73.08,82.6,80,97,12.84,MV,1596833169
195,Shimoda,34.67,138.95,75.99,82,86,1.01,JP,1596833170
196,Tromsø,69.65,18.96,53.6,76,17,13.87,NO,1596833170
197,Barrow,71.29,-156.79,37.4,86,90,16.11,US,1596832903
198,New Iberia,30.0,-91.82,96.8,41,1,5.82,US,1596833172
199,Dawlatabad,36.41,64.91,75.29,32,0,3.4,AF,1596833172
200,Soritor,-6.14,-77.1,79.75,47,15,4.61,PE,1596833173
201,Palora,-1.7,-77.93,66.2,93,75,10.29,EC,1596833174
202,Ahipara,-35.17,173.17,54.36,72,64,19.57,NZ,1596833134
203,Nalobikha,53.2,84.6,57.6,89,94,2.51,RU,1596833175
204,Hīt,33.64,42.83,92.84,15,0,13.29,IQ,1596833175
205,Richards Bay,-28.78,32.04,59.47,73,71,3.71,ZA,1596833176
206,Ostrovnoy,68.05,39.51,51.85,93,85,9.46,RU,1596833177
207,Geraldton,-28.77,114.6,57.2,58,58,12.75,AU,1596833168
208,Mēga,4.05,38.3,63.32,60,99,18.92,ET,1596833178
209,Poum,-20.23,164.02,70.59,74,9,12.53,NC,1596833178
210,Saint-François,46.42,3.91,78.8,36,0,4.34,FR,1596833157
211,Emerald,-23.53,148.17,57.2,76,75,10.29,AU,1596833180
212,Boende,-0.22,20.87,73.09,93,94,3.33,CD,1596833180
213,Oussouye,12.48,-16.55,80.6,94,75,2.24,SN,1596833181
214,Mount Gambier,-37.83,140.77,50.0,81,90,14.99,AU,1596833172
215,Jardim,-21.48,-56.14,81.27,28,0,1.81,BR,1596833182
216,Hauge i Dalane,58.34,6.28,69.01,85,25,6.91,NO,1596833183
217,Tynda,55.17,124.72,48.79,81,100,2.13,RU,1596833183
218,Dīglūr,18.55,77.6,76.23,84,93,10.2,IN,1596833184
219,Dauriya,49.93,116.87,60.94,95,100,2.68,RU,1596833185
220,Beringovskiy,63.05,179.32,50.29,90,100,15.93,RU,1596833185
221,Laiyang,36.98,120.71,73.99,89,78,8.05,CN,1596833186
222,Petatlán,17.52,-101.27,93.2,59,40,13.87,MX,1596833186
223,Clarence Town,-32.58,151.78,50.0,100,90,5.82,AU,1596833156
224,Severo-Kuril'sk,50.68,156.12,51.8,93,100,26.6,RU,1596833140
225,Kānke,23.43,85.32,75.2,100,75,7.72,IN,1596833188
226,Haines Junction,60.75,-137.51,59.72,45,96,7.34,CA,1596833189
227,Isangel,-19.55,169.27,72.09,66,6,8.57,VU,1596833189
228,San Quintín,30.48,-115.95,74.39,58,0,15.95,MX,1596833190
229,Alyangula,-13.85,136.42,66.2,93,75,7.78,AU,1596833191
230,Cockburn Town,21.46,-71.14,82.35,79,4,15.61,TC,1596833191
231,Berlevåg,70.86,29.09,53.6,81,75,11.41,NO,1596833192
232,Celestún,20.87,-90.4,87.98,62,99,11.5,MX,1596833192
233,Malakal,9.53,31.66,73.78,84,95,3.24,SS,1596833193
234,Bathsheba,13.22,-59.52,86.0,74,40,21.92,BB,1596833194
235,San Andrés,12.58,-81.7,77.0,100,90,14.36,CO,1596833195
236,Alta Floresta,-9.88,-56.09,93.2,24,11,6.93,BR,1596833195
237,Taoudenni,22.68,-3.98,105.55,16,31,8.03,ML,1596833196
238,Chegdomyn,51.12,133.02,52.27,78,95,0.18,RU,1596833197
239,Koyelga,54.65,60.9,62.87,89,54,8.32,RU,1596833197
240,Arlit,18.74,7.39,87.37,47,100,16.62,NE,1596833198
241,Rio Grande,-32.03,-52.1,64.4,82,75,8.05,BR,1596832933
242,Husavik,66.04,-17.34,57.2,62,75,14.99,IS,1596833199
243,Kyra,49.58,111.98,53.53,87,48,4.99,RU,1596833200
244,Naryan-Mar,67.67,53.09,48.69,94,67,7.18,RU,1596833145
245,Longyearbyen,78.22,15.64,50.0,81,20,6.93,SJ,1596833165
246,Cidreira,-30.18,-50.21,60.76,80,0,6.78,BR,1596833202
247,Yumen,40.28,97.2,70.41,27,82,2.51,CN,1596833202
248,Provost,52.35,-110.27,50.86,88,100,20.51,CA,1596833203
249,Karasjok,69.47,25.51,50.0,93,98,2.24,NO,1596833203
250,Kaitangata,-46.28,169.85,41.0,79,40,10.31,NZ,1596833143
251,Saskylakh,71.92,114.08,57.9,80,100,9.44,RU,1596833205
252,Hilo,19.73,-155.09,78.8,83,90,5.82,US,1596832980
253,Ushirombo,-3.49,31.96,67.77,55,48,2.55,TZ,1596833206
254,Hamilton,39.18,-84.53,82.99,44,20,6.93,US,1596833206
255,Olovyannaya,50.95,115.57,61.41,96,100,1.99,RU,1596833207
256,Pacocha,-17.58,-71.33,64.4,77,75,8.05,PE,1596833208
257,Qaanaaq,77.48,-69.36,41.76,65,1,9.33,GL,1596833208
258,Fairbanks,64.84,-147.72,66.0,59,1,6.62,US,1596833209
259,Santa Ana,33.75,-117.87,84.99,50,1,11.41,US,1596833210
260,Trincomalee,8.57,81.23,81.41,77,100,18.52,LK,1596833210
261,Worland,44.02,-107.96,96.01,12,1,8.05,US,1596833211
262,Ust'-Ishim,57.69,71.17,61.75,84,1,2.71,RU,1596833211
263,Hotaka,36.34,137.88,73.0,92,100,3.56,JP,1596833212
264,Örnsköldsvik,63.29,18.72,62.6,93,94,2.24,SE,1596833213
265,Los Llanos de Aridane,28.66,-17.92,75.2,73,75,10.29,ES,1596833213
266,Kodinsk,58.69,99.18,63.01,68,100,3.33,RU,1596833214
267,Khor,47.89,134.95,52.29,94,47,2.19,RU,1596833215
268,Tukums,56.97,23.16,59.0,87,0,1.7,LV,1596833215
269,Camacha,33.08,-16.33,73.4,73,20,6.93,PT,1596833216
270,Hidalgo,20.5,-99.0,73.06,57,60,12.82,MX,1596833216
271,Hong Kong,22.29,114.16,84.0,83,100,5.99,HK,1596833144
272,Manzhouli,49.6,117.43,62.33,95,100,1.59,CN,1596833218
273,Ballina,-28.87,153.57,57.2,93,90,3.36,AU,1596833218
274,Kavieng,-2.57,150.8,81.91,75,100,3.96,PG,1596833169
275,Pontianak,-0.03,109.33,74.71,95,4,2.19,ID,1596833219
276,Santiago del Estero,-27.8,-64.26,71.56,37,0,7.76,AR,1596832996
277,Krasnosel'kup,65.7,82.47,63.52,76,85,5.46,RU,1596833221
278,Holme,56.11,10.17,69.8,68,38,2.24,DK,1596833221
279,Ossora,59.24,163.07,61.43,62,2,0.47,RU,1596833212
280,Ubari,26.59,12.78,89.89,12,0,9.04,LY,1596833223
281,Saint Paul Harbor,57.79,-152.41,57.2,76,90,4.7,US,1596833223
282,Dingle,11.0,122.67,77.58,88,100,8.37,PH,1596833224
283,Ikom,5.97,8.71,72.39,91,100,3.38,NG,1596833225
284,Bitung,1.45,125.18,75.2,94,20,2.24,ID,1596833225
285,Pathein,16.78,94.73,76.37,96,100,2.55,MM,1596833226
286,Jacksonville,30.33,-81.66,84.0,78,90,8.05,US,1596832938
287,Tiarei,-17.53,-149.33,80.6,74,40,14.99,PF,1596833227
288,Sovetskiy,61.36,63.58,63.05,95,44,4.38,RU,1596833228
289,San Isidro,-12.12,-77.05,62.6,72,90,8.05,PE,1596833228
290,Peniche,39.36,-9.38,69.01,90,0,8.01,PT,1596833034
291,Porto-Novo,6.5,2.6,75.2,88,20,11.41,BJ,1596833230
292,Provideniya,64.38,-173.3,50.34,56,65,2.86,RU,1596833230
293,Aldan,58.6,125.39,55.67,69,100,5.19,RU,1596833231
294,Torbay,47.67,-52.73,73.4,60,20,19.46,CA,1596833143
295,Tambura,5.6,27.47,69.28,93,97,2.75,SS,1596833232
296,Santa Fe,-31.63,-60.7,60.01,80,100,4.0,AR,1596833233
297,Harper,4.38,-7.72,74.91,75,97,7.9,LR,1596833233
298,Yangi Marg`ilon,40.43,71.72,80.6,42,0,4.7,UZ,1596833234
299,Pangnirtung,66.15,-65.71,50.0,61,75,9.17,CA,1596833235
300,Blagoyevo,63.37,47.92,51.91,93,100,4.0,RU,1596833235
301,Monaco-Ville,43.73,7.42,80.6,54,0,1.12,FR,1596833236
302,Meulaboh,4.14,96.13,76.91,86,100,5.59,ID,1596833237
303,Makkah al Mukarramah,21.43,39.83,89.67,43,86,5.73,SA,1596833179
304,Waipawa,-41.41,175.52,50.0,81,100,29.97,NZ,1596833238
305,Sakakah,29.97,40.21,93.2,13,0,9.17,SA,1596833238
306,Serenje,-13.23,30.24,61.52,49,0,12.46,ZM,1596833239
307,Pisco,-13.7,-76.22,66.0,77,8,10.29,PE,1596833177
308,Vila Velha,-20.33,-40.29,75.2,69,40,8.05,BR,1596833240
309,Luau,-10.71,22.22,65.57,28,0,3.58,AO,1596833241
310,Grenfell,-33.9,148.17,45.61,98,92,5.55,AU,1596833241
311,Coralville,41.68,-91.58,82.4,54,1,16.11,US,1596833242
312,Shenjiamen,29.96,122.3,80.17,88,99,20.78,CN,1596833243
313,Saint-Pierre,-21.34,55.48,64.4,77,90,4.7,RE,1596833243
314,Straumen,63.87,11.3,66.2,82,13,13.87,NO,1596833244
315,Natal,-5.79,-35.21,78.8,69,20,14.99,BR,1596833244
316,Tonj,7.27,28.68,71.74,90,97,3.0,SS,1596833245
317,Kieta,-6.22,155.63,79.0,83,100,4.18,PG,1596833246
318,Chunskiy,56.08,99.63,58.06,96,72,3.33,RU,1596833110
319,Sinfra,6.62,-5.92,73.4,94,75,4.7,CI,1596833247
320,Seguin,29.57,-97.96,99.0,34,40,12.75,US,1596833247
321,Yefremov,53.15,38.1,61.54,79,0,7.9,RU,1596833248
322,Calvinia,-31.47,19.78,50.52,38,52,14.12,ZA,1596833249
323,Charagua,-19.8,-63.22,82.89,26,0,12.59,BO,1596833249
324,Dicabisagan,17.08,122.42,77.74,81,83,5.86,PH,1596833250
325,Yaan,7.38,8.57,73.22,85,100,4.85,NG,1596833250
326,Souillac,-20.52,57.52,68.0,77,40,3.36,MU,1596833128
327,Vila,42.03,-8.16,77.0,69,0,5.82,PT,1596833252
328,Bairiki Village,1.33,172.98,84.2,74,40,12.75,KI,1596833252
329,Windhoek,-22.56,17.08,57.2,22,0,6.93,NA,1596833253
330,Tura,25.52,90.22,75.58,98,93,5.01,IN,1596833253
331,Bandarbeyla,9.49,50.81,76.96,78,19,36.44,SO,1596833254
332,San Miguelito,9.03,-79.5,89.6,62,40,8.05,PA,1596833255
333,Skanderborg,56.04,9.93,71.6,68,20,2.24,DK,1596833255
334,Bilibino,68.05,166.44,47.28,76,99,4.88,RU,1596833256
335,Zhengjiatun,43.51,123.51,66.54,87,0,5.1,CN,1596833257
336,Oranjestad,12.52,-70.03,87.8,70,20,26.4,AW,1596833257
337,Santa Cruz de la Sierra,-17.8,-63.17,87.8,40,20,11.41,BO,1596833006
338,Cañon City,38.44,-105.24,98.6,12,1,18.34,US,1596833258
339,Odiong,10.29,123.05,76.35,82,100,1.7,PH,1596833259
340,Brae,60.4,-1.35,57.2,93,97,10.29,GB,1596833260
341,Serra,-20.13,-40.31,75.2,69,40,8.05,BR,1596833260
342,Plouzané,48.38,-4.62,64.4,93,13,10.29,FR,1596833261
343,Lárdos,36.09,28.02,77.0,88,0,12.75,GR,1596833261
344,Sezze,41.5,13.06,75.99,71,5,3.0,IT,1596833262
345,Kavaratti,10.57,72.64,82.33,79,100,19.77,IN,1596833263
346,Tucumã,-0.18,-50.05,83.64,68,30,8.03,BR,1596833263
347,Kapit,2.02,112.93,74.12,90,91,0.96,MY,1596833264
348,Merauke,-8.47,140.33,77.49,87,100,5.37,ID,1596833230
349,Bānda,25.48,80.33,85.39,75,21,4.83,IN,1596833265
350,Iralaya,15.0,-83.23,87.8,70,40,11.41,HN,1596833266
351,Sohag,26.56,31.69,93.2,24,0,10.29,EG,1596833266
352,Sattahip,12.67,100.9,80.6,83,40,3.36,TH,1596833267
353,Camopi,3.17,-52.32,76.51,93,83,4.52,GF,1596833268
354,Coahuayana Viejo,18.73,-103.68,82.4,74,40,6.53,MX,1596833106
355,Denpasar,-8.65,115.22,74.73,86,100,8.79,ID,1596833123
356,Santa Isabel Rio Negro,-0.41,-65.02,89.87,55,57,1.77,BR,1596833269
357,Eureka,40.8,-124.16,73.0,70,4,5.99,US,1596833270
358,Presidente Epitácio,-21.76,-52.12,75.94,29,0,5.23,BR,1596833271
359,Karratha,-20.74,116.85,62.08,63,0,10.69,AU,1596833271
360,Talnakh,69.49,88.4,51.8,93,61,13.42,RU,1596833272
361,Nioro,13.35,-15.75,79.09,90,60,8.57,GM,1596833272
362,Yar-Sale,66.83,70.83,56.12,70,98,16.8,RU,1596833115
363,Arrondissement de Rennes,48.17,-1.67,82.4,48,0,11.41,FR,1596833249
364,Havelock,34.88,-76.9,89.6,62,40,8.05,US,1596833189
365,Pincher Creek,49.48,-113.95,64.99,39,1,29.97,CA,1596833275
366,Samarai,-10.62,150.67,79.11,88,96,12.1,PG,1596833220
367,Kamaishi,39.27,141.88,71.89,79,100,2.91,JP,1596833276
368,Okhotsk,59.38,143.3,60.33,70,0,1.48,RU,1596833276
369,Miles City,46.41,-105.84,87.8,25,1,9.17,US,1596833277
370,Ust'-Ilimsk,58.0,102.66,56.52,75,21,4.74,RU,1596833278
371,Lagoa,39.05,-27.98,68.77,72,18,12.75,PT,1596833146
372,Comodoro Rivadavia,-45.87,-67.5,53.6,37,19,9.17,AR,1596833279
373,Jiaocheng,24.68,116.14,76.19,91,74,1.12,CN,1596833280
374,Taksimo,56.34,114.88,55.4,88,100,1.54,RU,1596833280
375,Kamenka,51.32,42.77,70.0,74,2,8.01,RU,1596833281
376,Guerrero Negro,27.98,-114.06,79.23,48,0,15.93,MX,1596833281
377,Pevek,69.7,170.31,37.45,93,95,7.07,RU,1596833282
378,Olafsvik,64.89,-23.71,46.54,88,97,17.11,IS,1596833283
379,Vanimo,-2.67,141.3,76.69,85,100,4.94,PG,1596833226
380,Xiaolan,22.67,113.23,82.99,90,77,4.07,CN,1596833284
381,Chui,-33.7,-53.46,55.36,94,91,6.55,UY,1596833285
382,Vanavara,60.34,102.28,55.72,71,4,4.25,RU,1596833285
383,Mount Isa,-20.73,139.5,50.0,76,69,9.17,AU,1596833286
384,Boshkengash,38.47,68.81,75.2,47,0,6.71,TJ,1596833286
385,Arrifes,37.77,-25.7,71.6,83,75,10.29,PT,1596833287
386,Rosetta,31.4,30.42,82.4,78,0,8.05,EG,1596833288
387,Pokhara,28.23,83.98,73.94,85,76,0.87,NP,1596833288
388,Hutchinson,38.06,-97.93,93.0,52,1,24.16,US,1596833082
389,Chipinge,-20.19,32.62,53.96,83,88,8.7,ZW,1596833290
390,Lorengau,-2.02,147.27,79.93,79,100,4.41,PG,1596833290
391,Black River,18.03,-77.85,87.8,70,20,17.22,JM,1596833291
392,Witu,-2.39,40.44,75.7,79,41,13.65,KE,1596833291
393,Kaduy,59.2,37.15,59.0,93,20,3.85,RU,1596833292
394,Leningradskiy,69.38,178.42,39.02,89,100,4.61,RU,1596833293
395,Namatanai,-3.67,152.43,79.34,82,100,5.46,PG,1596833293
396,La Rioja,42.25,-2.5,75.2,69,40,12.75,ES,1596833294
397,Oktyabr'skiy,54.48,53.47,63.72,94,100,8.43,RU,1596833294
398,Acajutla,13.59,-89.83,86.0,62,20,3.36,SV,1596833127
399,Necochea,-38.55,-58.74,55.0,71,0,4.0,AR,1596833169
400,La Ronge,55.1,-105.28,84.2,45,40,11.41,CA,1596833296
401,Callaway,30.15,-85.57,90.0,62,1,13.87,US,1596833297
402,Srednekolymsk,67.45,153.68,51.89,77,100,5.03,RU,1596833298
403,Saryozek,44.36,77.98,62.71,34,5,1.54,KZ,1596833299
404,Gorontalo,0.54,123.06,72.9,83,41,3.04,ID,1596833185
405,Nuevo Laredo,27.48,-99.52,95.0,50,75,13.87,MX,1596833300
406,Gari,59.43,62.35,62.56,96,75,4.43,RU,1596833300
407,Ayan,56.45,138.17,60.98,67,0,3.36,RU,1596833301
408,Eston,51.15,-108.75,64.99,76,90,27.51,CA,1596833302
409,Mogadishu,2.04,45.34,76.01,75,8,23.64,SO,1596833302
410,Flin Flon,54.77,-101.86,82.4,48,75,9.17,CA,1596833303
411,Christchurch,-43.53,172.63,45.0,87,51,6.93,NZ,1596833032
412,Havre-St-Pierre,50.23,-63.6,68.0,68,1,16.11,CA,1596833304
413,Shahe,39.27,113.55,63.59,83,22,4.0,CN,1596833305
414,Hirara,24.8,125.28,83.53,78,20,12.17,JP,1596833305
415,Kelmė,55.63,22.93,68.0,68,0,5.82,LT,1596833306
416,Kruisfontein,-34.0,24.73,51.01,84,0,4.74,ZA,1596833238
417,Kununurra,-15.77,128.73,55.4,36,6,4.7,AU,1596833307
418,Klaksvík,62.23,-6.59,51.8,93,99,6.93,FO,1596833308
419,Rørvik,64.86,11.24,60.8,87,33,4.7,NO,1596833308
420,Tikrit,34.61,43.68,91.83,16,0,9.91,IQ,1596833309
421,Marigot,18.07,-63.08,87.8,70,40,12.75,MF,1596833310
422,Adrar,20.5,-10.07,100.96,16,0,13.15,MR,1596833310
423,Bongandanga,1.5,21.05,72.97,88,85,0.2,CD,1596833311
424,Gushikawa,26.35,127.87,80.6,83,1,8.57,JP,1596833312
425,Mier,26.43,-99.15,98.01,44,40,8.05,MX,1596833312
426,Gerāsh,27.67,54.14,91.4,26,78,3.22,IR,1596833313
427,Abu Dhabi,24.47,54.37,95.0,67,65,4.7,AE,1596833094
428,Dogondoutchi,13.64,4.03,76.6,81,100,14.38,NE,1596833314
429,Kerewan,13.49,-16.09,82.4,94,75,4.7,GM,1596833315
430,Carrollton,32.95,-96.89,99.0,36,5,117.44,US,1596833315
431,Fare,-16.7,-151.02,78.84,71,0,19.48,PF,1596833316
432,Mackenzie,55.3,-123.17,60.8,63,75,10.29,CA,1596833317
433,Thaba Nchu,-29.21,26.84,50.0,34,0,12.75,ZA,1596833317
434,Meadow Lake,34.8,-106.54,90.0,16,90,6.93,US,1596833255
435,Lakes Entrance,-37.88,147.98,51.01,86,99,1.99,AU,1596833318
436,Wawa,9.9,4.42,70.63,91,29,3.31,NG,1596833319
437,Houma,29.6,-90.72,93.99,55,40,3.36,US,1596833184
438,Werda,-25.27,23.28,54.46,34,0,8.3,BW,1596833320
439,Khāsh,28.22,61.22,78.26,24,100,14.97,IR,1596833321
440,Pacific Grove,36.62,-121.92,71.6,56,40,10.29,US,1596833321
441,Fort-Shevchenko,44.51,50.26,79.11,62,0,11.34,KZ,1596833322
442,Quang Ngai,15.12,108.8,76.42,87,96,3.98,VN,1596833323
443,Cubarral,3.79,-73.84,78.8,78,75,6.93,CO,1596833323
444,Ulaangom,49.98,92.07,55.56,58,41,1.61,MN,1596833324
445,Pécsvárad,46.16,18.42,71.65,72,42,7.87,HU,1596833324
446,Manche,49.0,-1.17,75.2,50,7,5.82,FR,1596833325
447,Sucúa,-2.47,-78.17,66.2,82,90,2.24,EC,1596833326
448,Wacheng,33.78,114.52,73.58,94,99,4.45,CN,1596833326
449,Altamira,-3.2,-52.21,91.4,43,20,3.36,BR,1596833044
450,Buraidah,26.33,43.98,93.2,30,32,8.05,SA,1596833327
451,Dubbo,-32.25,148.62,48.2,93,75,4.7,AU,1596833328
452,Zyuzel'skiy,56.49,60.13,69.8,68,100,13.42,RU,1596833329
453,Oktyabr'skoye,43.06,44.74,64.4,77,0,6.71,RU,1596833329
454,Nador,35.17,-2.93,78.8,83,20,4.7,MA,1596833234
455,Igrim,63.19,64.42,59.77,97,97,4.38,RU,1596833164
456,Moose Factory,51.26,-80.61,87.8,43,20,14.99,CA,1596833331
457,Ust'-Kulom,61.69,53.69,52.34,97,93,4.23,RU,1596833306
458,Umluj,25.02,37.27,84.22,52,8,2.33,SA,1596833332
459,Mukacheve,48.44,22.72,64.99,70,0,25.01,UA,1596833333
460,Mayumba,-3.43,10.66,73.76,85,23,7.63,GA,1596833334
461,Leinì,45.18,7.71,80.01,69,0,6.93,IT,1596833334
462,Dudinka,69.41,86.18,51.8,93,69,13.42,RU,1596833335
463,Stephenville,32.22,-98.2,98.6,27,1,11.41,US,1596833335
464,Poconé,-16.26,-56.62,90.0,18,0,3.76,BR,1596833336
465,Oxelösund,58.67,17.1,66.2,72,72,6.93,SE,1596833337
466,Nelson Bay,-32.72,152.15,50.0,100,90,5.82,AU,1596833337
467,Kandrian,-6.22,149.55,77.56,87,100,4.45,PG,1596833338
468,Bolshevik,54.01,27.57,68.0,72,4,4.47,BY,1596833338
469,Grand Gaube,-20.01,57.66,64.99,86,38,3.0,MU,1596833339
470,San Jerónimo,-11.95,-75.28,59.05,35,61,7.05,PE,1596833340
471,Bayeux,-7.12,-34.93,77.0,73,20,13.87,BR,1596833340
472,Akşehir,38.36,31.42,75.07,35,4,4.79,TR,1596833051
473,Pitimbu,-7.47,-34.81,77.0,73,20,13.87,BR,1596833341
474,Abnūb,27.27,31.15,86.0,35,0,9.17,EG,1596833342
475,Los Baños,14.17,121.18,78.01,94,94,1.25,PH,1596833343
476,Esmeralda,21.85,-78.12,87.93,64,15,12.01,CU,1596833343
477,Touros,-5.2,-35.46,78.8,65,20,11.41,BR,1596833078
478,Palmer,42.16,-72.33,82.99,42,75,5.82,US,1596833344
479,Kisangani,0.52,25.2,73.83,81,22,1.97,CD,1596833345
480,Hohhot,40.81,111.65,64.4,93,40,4.47,CN,1596833346
481,Vestmannaeyjar,63.44,-20.27,50.58,88,98,17.52,IS,1596833251
482,San Patricio,19.22,-104.7,89.6,75,40,11.41,MX,1596833105
483,Vardø,70.37,31.11,50.0,87,40,6.93,NO,1596833175
484,Phibun Mangsahan,15.24,105.23,78.8,100,20,9.24,TH,1596833348
485,Seymchan,62.88,152.43,64.27,56,70,3.6,RU,1596833349
486,Dungarvan,52.09,-7.63,64.0,89,33,8.61,IE,1596833349
487,Fort Frances,48.6,-93.4,75.2,73,90,6.93,CA,1596833350
488,Aswān,24.09,32.91,91.67,14,7,6.82,EG,1596833304
489,Cumpas,29.98,-109.78,94.98,31,1,1.23,MX,1596833351
490,Gambiran,-6.8,111.5,72.86,80,100,5.61,ID,1596833351
491,High Level,58.52,-117.14,64.4,77,75,3.36,CA,1596833352
492,Deputatsky,69.3,139.9,52.59,78,23,5.88,RU,1596833353
493,Ankpa,7.37,7.63,70.61,86,100,4.7,NG,1596833353
494,Oodweyne,9.41,45.06,69.37,75,100,11.9,SO,1596833354
495,Raudeberg,61.99,5.14,66.2,88,75,12.75,NO,1596833355
496,Cap Malheureux,-19.98,57.61,64.99,86,38,3.0,MU,1596833153
497,Kuzino,57.02,59.44,61.72,94,68,2.71,RU,1596833356
498,Aksu,41.12,80.26,80.65,28,0,5.95,CN,1596833356
499,Clonakilty,51.62,-8.87,62.6,67,20,11.41,IE,1596833357
500,Jaciara,-15.97,-54.97,84.9,24,0,3.91,BR,1596833358
501,Santa Cruz,30.42,-9.6,75.2,69,3,8.05,MA,1596833358
502,Nantucket,41.28,-70.1,71.6,88,90,6.93,US,1596833359
503,Rocha,-34.48,-54.33,52.79,97,100,7.34,UY,1596833359
504,Whitehorse,60.72,-135.05,59.0,54,75,10.29,CA,1596833360
505,Sisimiut,66.94,-53.67,40.23,76,100,6.15,GL,1596833361
506,Sheregesh,52.92,87.99,51.3,92,0,1.77,RU,1596833361
507,San Rafael,-34.62,-68.33,56.75,35,65,3.98,AR,1596833362
508,Jinka,5.65,36.65,64.96,89,100,1.97,ET,1596833363
509,Dunedin,-45.87,170.5,45.0,71,56,8.01,NZ,1596833303
510,Hervey Bay,-25.3,152.85,62.01,96,96,8.01,AU,1596833257
511,Tehri,30.38,78.48,76.75,78,81,1.5,IN,1596833365
512,At-Bashi,41.17,75.81,58.41,46,14,1.41,KG,1596833366
513,Tsimmerbude,54.67,20.13,72.0,88,0,2.24,RU,1596833159
514,Vilhena,-12.74,-60.15,86.0,33,20,11.41,BR,1596833278
515,Krutinka,56.01,71.51,62.6,70,9,7.58,RU,1596833368
516,Tessalit,20.2,1.01,100.96,16,32,10.87,ML,1596833368
517,Ibipeba,-11.64,-42.01,71.37,56,83,12.15,BR,1596833369
518,Mandalgovi,45.76,106.27,58.03,56,0,8.95,MN,1596833370
519,Biak,-0.91,122.88,75.58,81,70,5.03,ID,1596833370
520,Vasyurinskaya,45.12,39.42,84.0,47,0,8.95,RU,1596833371
521,Valparaíso,-33.04,-71.63,68.0,28,69,6.93,CL,1596833371
522,Udachny,66.42,112.4,53.6,93,8,2.24,RU,1596833211
523,Slave Lake,55.28,-114.77,62.6,63,90,21.92,CA,1596833149
524,Rawlins,41.79,-107.24,88.0,6,1,12.75,US,1596833095
525,Aracaju,-10.91,-37.07,78.8,65,40,11.41,BR,1596833150
526,Posse,-14.09,-46.37,72.03,47,38,9.26,BR,1596833374
527,Preobrazheniye,42.9,133.91,63.3,90,12,9.42,RU,1596833375
528,Kawalu,-7.38,108.21,70.3,89,100,2.55,ID,1596833376
529,Curuçá,-0.73,-47.85,79.77,83,89,5.1,BR,1596833376
530,Pārsābād,39.65,47.92,73.4,49,0,6.93,IR,1596833377
531,Gamba,-2.65,10.0,73.67,83,32,7.78,GA,1596833378
532,Scottsbluff,41.87,-103.67,100.4,11,1,9.17,US,1596833378
533,Taltal,-25.4,-70.48,60.8,66,39,3.44,CL,1596833379
534,Yangambi,0.81,24.43,72.09,92,10,2.59,CD,1596833379
535,Beloha,-25.17,45.05,62.15,74,51,9.86,MG,1596833380
536,Sennar,13.57,33.57,79.07,72,53,10.78,SD,1596833381
537,Bonavista,48.65,-53.11,73.0,71,20,11.99,CA,1596833381
538,Acapulco de Juárez,16.86,-99.89,86.0,74,75,5.82,MX,1596833295
539,Yeghegnut,40.09,44.16,77.0,27,20,10.29,AM,1596833382
540,Tarko-Sale,64.92,77.78,67.35,59,100,8.77,RU,1596833383
541,Pinega,64.7,43.39,53.13,91,50,5.12,RU,1596833384
542,Solnechnyy,50.72,136.63,52.36,88,51,2.86,RU,1596833384
543,Lanzhou,36.06,103.79,73.99,57,78,8.21,CN,1596833385
544,Ascension,30.22,-90.9,96.01,43,0,3.36,US,1596833386
545,Xam Nua,20.42,104.04,68.14,94,100,1.59,LA,1596833386
546,Te Anau,-45.42,167.72,34.86,88,8,1.5,NZ,1596833235
547,Faanui,-16.48,-151.75,78.1,74,0,19.17,PF,1596833387
548,Huntsville,34.73,-86.59,93.2,41,40,9.17,US,1596833380
549,Goundam,16.41,-3.67,90.25,45,57,7.34,ML,1596833389
550,São João da Barra,-21.64,-41.05,75.2,64,1,13.87,BR,1596833144
551,Nadvoitsy,63.87,34.32,58.73,86,99,6.29,RU,1596833390
552,Dunyapur,29.8,71.72,89.6,75,20,4.7,PK,1596833390
553,Magaria,13.0,8.91,75.34,77,100,7.7,NE,1596833391
554,Pangkalanbuun,-2.68,111.62,73.53,98,92,2.37,ID,1596833392
555,Jalu,29.03,21.55,87.51,34,0,14.0,LY,1596833392
556,Dilla,6.41,38.31,63.0,84,100,2.15,ET,1596833393
557,Cabedelo,-6.98,-34.83,77.0,73,20,13.87,BR,1596833251
558,Brightwater,-41.38,173.12,43.0,97,6,1.99,NZ,1596833394
559,Lucapa,-8.42,20.74,70.14,24,0,2.8,AO,1596833395
560,Morant Bay,17.88,-76.41,89.6,66,20,26.4,JM,1596833395
561,Roebourne,-20.78,117.13,62.67,59,0,10.45,AU,1596833396
562,Rio Rancho,35.23,-106.66,90.0,12,75,8.05,US,1596833397
563,Tcholliré,8.4,14.17,71.92,90,100,1.3,CM,1596833397
564,Great Falls,47.5,-111.3,73.4,20,1,26.4,US,1596833270
565,Buala,-8.14,159.59,81.64,79,83,12.28,SB,1596833399
566,Shiyan,32.65,110.78,76.39,90,99,0.83,CN,1596833399
567,Ust'-Koksa,50.27,85.61,48.13,79,0,0.18,RU,1596833400
568,Castelo Branco,39.82,-7.49,87.01,38,0,6.26,PT,1596833400
569,Bentiu,9.23,29.83,74.21,79,82,2.37,SS,1596833401
570,Chicama,-7.84,-79.15,68.74,59,2,10.56,PE,1596833402
571,Myaundzha,63.05,147.19,61.79,42,0,1.99,RU,1596833402
572,Kamra,33.75,73.51,84.0,88,40,11.41,PK,1596833403
573,Itarema,-2.92,-39.92,79.18,70,0,18.01,BR,1596833404
574,Senanga,-16.12,23.27,63.28,29,0,5.19,ZM,1596833404
575,Aykhal,66.0,111.5,53.6,93,61,2.24,RU,1596833278
576,Riyadh,24.69,46.72,95.0,16,88,5.82,SA,1596833169
577,Burhānpur,21.3,76.23,77.94,86,97,7.94,IN,1596833406
578,Palu,-0.89,119.87,76.89,82,84,2.62,ID,1596833407
579,Kumul,42.8,93.45,82.31,18,1,7.45,CN,1596833407
580,Finnsnes,69.23,17.98,55.4,87,22,5.82,NO,1596833203
581,Talaya,61.38,152.75,65.35,40,0,3.74,RU,1596833408
